mesto,ime,izobrazba,sola
#1,Bill Gates,Drop Out,Harvard University
#2,Amancio Ortega,,
#3,Warren Buffett,Bachelor of Arts / Science,"University of Nebraska Lincoln; Master of Science, Columbia University"
#4,Carlos Slim Helu & family,Bachelor of Arts / Science,Universidad Nacional Autonoma de Mexico
#5,Jeff Bezos,Bachelor of Arts / Science,Princeton University
#6,Mark Zuckerberg,Drop Out,Harvard University
#7,Larry Ellison,Drop Out,"University of Chicago; Drop Out, University of Illinois, Urbana-Champaign"
#8,Michael Bloomberg,Bachelor of Arts / Science,"Johns Hopkins University; Master of Business Administration, Harvard Business School"
#9,Charles Koch,Bachelor of Arts / Science,"Massachusetts Institute of Technology; Master of Science, Massachusetts Institute of Technology"
#9,David Koch,Bachelor of Arts / Science,"Massachusetts Institute of Technology; Master of Science, Massachusetts Institute of Technology"
#11,Liliane Bettencourt & family,,
#12,Larry Page,Bachelor of Arts / Science,"University of Michigan; Master of Science, Stanford University"
#13,Sergey Brin,Master of Science,"Stanford University; Bachelor of Arts / Science, University of Maryland, College Park"
#14,Bernard Arnault & family,Bachelor of Arts / Science,Ecole Polytechnique de Paris
#15,Jim Walton,Bachelor of Arts / Science,University of Arkansas
#16,Alice Walton,Bachelor of Arts / Science,Trinity University
#17,S. Robson Walton,Bachelor of Arts / Science,"University of Arkansas; Doctor of Jurisprudence, Columbia University"
#18,Wang Jianlin,Liaoning University,
#19,Jorge Paulo Lemann,Bachelor of Arts / Science,Harvard University
#20,Li Ka-shing,Drop Out,High School
#21,Beate Heister & Karl Albrecht Jr.,,
#22,Sheldon Adelson,Drop Out,City College of New York
#23,George Soros,Bachelor of Arts / Science,London School of Economics
#24,Phil Knight,Bachelor of Arts / Science,"University of Oregon; Master of Business Administration, Stanford Graduate School of Business"
#25,David Thomson & family,Master of Arts,University of Cambridge
#26,Steve Ballmer,Bachelor of Arts / Science,"Harvard University; Drop Out, Stanford University"
#27,"Forrest Mars, Jr.",Bachelor of Arts / Science,"Yale University; Diploma, The Hotchkiss School; Master of Business Administration, Leonard N. Stern School of Business"
#27,Jacqueline Mars,Bachelor of Arts / Science,Bryn Mawr College
#27,John Mars,Bachelor of Arts / Science,"Yale University; Diploma, The Hotchkiss School"
#30,Maria Franca Fissolo & family,,
#31,Lee Shau Kee,,
#32,Stefan Persson,Associate in Arts / Science,University of Stockholm
#33,Jack Ma,Bachelor of Arts / Science,Hangzhou Teacher's Institute
#34,"Theo Albrecht, Jr. & family",,
#35,Michael Dell,Drop Out,The University of Texas at Austin
#36,Mukesh Ambani,Bachelor of Science in Engineering,"University of Bombay; Drop Out, Stanford University"
#37,Leonardo Del Vecchio,,
#38,Susanne Klatten,Master of Business Administration,International Institute for Management and Development
#39,Georg Schaeffler,,
#40,Paul Allen,Drop Out,Washington State University
#41,Prince Alwaleed Bin Talal Alsaud,Bachelor of Arts / Science,"Menlo College; Master of Science, Syracuse University"
#42,Joseph Safra,,
#43,Carl Icahn,Bachelor of Arts / Science,"Princeton University; Drop Out, New York University"
#44,Laurene Powell Jobs & family,Bachelor of Arts / Science,"University of Pennsylvania Wharton School; Master of Business Administration, Stanford Graduate School of Business"
#44,Dilip Shanghvi,Bachelor of Arts / Science,Calcutta University
#46,Ma Huateng,Bachelor of Arts / Science,Shenzhen University
#47,Dieter Schwarz,,
#48,Ray Dalio,Bachelor of Arts / Science,"Long Island University; Master of Business Administration, Harvard Business School"
#48,Stefan Quandt,Associate in Arts / Science,Technical University of Karlsruhe
#50,James Simons,Bachelor of Arts / Science,"Massachusetts Institute of Technology; Doctorate, University of California Berkeley"
#51,Aliko Dangote,Bachelor of Arts / Science,Al-Azhar University
#51,Michael Otto & family,Doctorate,"University of Munich; Doctorate, University of Hamburg"
#53,Len Blavatnik,Bachelor of Arts / Science,"Moscow State University; Master of Science, Columbia University; Master of Business Administration, Harvard Business School"
#54,Donald Bren,Bachelor of Arts / Science,University of Washington
#55,Azim Premji,Bachelor of Arts / Science,Stanford University
#56,Serge Dassault & family,Bachelor of Arts / Science,Ecole Polytechnique
#57,Tadashi Yanai & family,Bachelor of Arts / Science,Waseda University
#58,Cheng Yu-tung,,
#58,Hinduja family,,
#60,Leonid Mikhelson,Bachelor of Arts / Science,Kuybyshev Engineering and Construction Institute
#60,David & Simon Reuben,Sir John Cass College,London
#62,Stefano Pessina,Bachelor of Arts / Science,University of Milan
#63,Mikhail Fridman,Bachelor of Arts / Science,Moscow Institute of Steel and Alloys
#64,Dietrich Mateschitz,Master of Business Administration,University of Vienna
#65,Abigail Johnson,Bachelor of Arts / Science,"Hobart and William Smith; Master of Business Administration, Harvard Business School"
#65,Kjeld Kirk Kristiansen,Bachelor of Arts / Science,"Aarhus Business School; Master of Business Administration, International Institute for Management and Development"
#65,Joseph Lau,,
#68,Gerald Cavendish Grosvenor & family,,
#68,Thomas & Raymond Kwok,,
#68,Marcel Herrmann Telles,Bachelor of Arts / Science,Universidade Federal do Rio de Janeiro
#71,Henry Sy & family,Bachelor of Arts / Science,Far Eastern University
#72,Steve Cohen,Bachelor of Arts / Science,University of Pennsylvania Wharton School
#73,Pallonji Mistry,,
#73,Hans Rausing,,
#73,Alisher Usmanov,Master of Laws,"Moscow Institute of International Relations; Master, Finance Academy under the Government of the Russian Federation"
#76,Charlene de Carvalho-Heineken & family,Bachelor of Arts / Science,"Rijnlands Lyceum Wassenaar; Doctor of Jurisprudence, University of Leiden"
#77,Charles Ergen,Bachelor of Arts / Science,"University of Tennessee Knoxville; Master of Business Administration, Wake Forest University School of Business"
#78,Ronald Perelman,Bachelor of Arts / Science,"University of Pennsylvania; Master of Business Administration, Wharton School"
#78,Vladimir Potanin,Bachelor of Arts / Science,Moscow Institute of International Relations
#80,Stephen Ross,Bachelor of Arts / Science,"University of Michigan; Doctor of Jurisprudence, Wayne State University; Master of Laws, New York University"
#81,Patrick Soon-Shiong,Bachelor of Arts / Science,"University of Witwatersrand; Medical Doctor, University of Witwatersrand; Master of Science, University of British Columbia"
#82,Masayoshi Son,Bachelor of Arts / Science,University of California Berkeley
#82,Heinz Hermann Thiele & family,LLM,University of Munich
#84,Francois Pinault & family,Drop Out,High School
#85,David Tepper,Bachelor of Arts / Science,"University of Pittsburgh; Master of Business Administration, David A. Tepper School of Business"
#85,Gennady Timchenko,Bachelor of Arts / Science,Leningrad Mechanical Institute
#87,Carlos Alberto Sicupira,Bachelor of Arts / Science,Universidade Federal do Rio de Janeiro
#88,Shiv Nadar,Bachelor of Arts / Science,PSG College of Technology
#88,Thomas Peterffy,,
#90,Robin Li,Bachelor of Arts / Science,"Peking University; Master of Arts, University at Buffalo"
#90,Alain Wertheimer,,
#90,Gerard Wertheimer,,
#93,Alexey Mordashov,Bachelor of Arts / Science,"Leningrad Institute of Ec; Master of Business Administration, University of Northumbria"
#94,Elon Musk,Bachelor of Arts / Science,University of Pennsylvania
#94,Charoen Sirivadhanabhakdi,,
#96,Petr Kellner,Bachelor of Arts / Science,University of Economics in Prague
#96,Rupert Murdoch & family,Bachelor of Arts / Science,"Oxford University; Master of Arts, Oxford University"
#98,Viktor Vekselberg,Bachelor of Arts / Science,Moscow State University of Railway Engineering
#99,Lukas Walton,Bachelor of Arts / Science,Colorado College
#100,Eric Schmidt,Bachelor of Arts / Science,"Princeton University; Doctorate, University of California Berkeley; Master of Science, University of California Berkeley"
#101,Iris Fontbona & family,,
#101,Massimiliana Landini Aleotti & family,,
#103,Mike Adenuga,Master of Business Administration,"Pace University, New York"
#103,Klaus-Michael Kuehne,,
#103,Robert Kuok,Bachelor of Arts / Science,Raffles College
#103,"Samuel Newhouse, Jr.",Diploma,High School
#107,Lei Jun,Bachelor of Science in Engineering,Wuhan University
#108,Philip Anschutz,Bachelor of Arts / Science,University of Kansas
#108,Jim Kennedy,Bachelor of Arts / Science,University of Denver
#108,Blair Parry-Okeden,Diploma,"High School; Bachelor of Arts / Science, University of Denver"
#108,John Paulson,Bachelor of Arts / Science,"New York University; Master of Business Administration, Harvard Business School"
#112,Lee Kun-Hee,Bachelor of Arts / Science,Waseda University
#113,Hasso Plattner & family,Master of Science,University of Karlsruhe
#113,Stephen Schwarzman,Bachelor of Arts / Science,"Yale University; Master of Business Administration, Harvard Business School"
#115,Andrew Beal,Drop Out,Baylor University
#116,Vladimir Lisin,Bachelor of Arts / Science,"Siberian Metallurgical Institute; Doctorate, Russian Academy of Economics"
#116,"John Menard, Jr.",Bachelor of Arts / Science,"University of Wisconsin, Eau Claire"
#116,Donald Newhouse,Drop Out,Syracuse University
#116,Udo & Harald Tschira,,
#116,Galen Weston & family,Bachelor of Arts / Science,University of Western Ontario
#121,German Larrea Mota Velasco & family,,
#122,He Xiangjian,,
#122,Leonard Lauder,Bachelor of Arts / Science,University of Pennsylvania
#124,Vagit Alekperov,Bachelor of Science in Engineering,Azerbaijan Institute of Oil and Chemistry
#124,Dustin Moskovitz,Drop Out,Harvard University
#124,Luis Carlos Sarmiento,Bachelor of Arts / Science,National University of Colombia
#127,Gina Rinehart,,
#128,German Khan,Bachelor of Arts / Science,Moscow Institute of Steel and Alloys
#129,Ernesto Bertarelli,Bachelor of Arts / Science,"Babson College; Master of Business Administration, Harvard University"
#129,Hui Ka Yan,Bachelor of Arts / Science,Wuhan U of Science & Tec
#129,Jan Koum,Drop Out,San Jose State University
#129,Xavier Niel,,
#133,John Fredriksen,,
#133,Cyrus Poonawalla,Bachelor of Arts / Science,"Pune University; Doctorate, Pune University"
#135,Gianluigi & Rafaela Aponte,,
#135,Lakshmi Mittal,Bachelor of Arts / Science,St Xavier's College Calcutta
#135,Eyal Ofer,,
#138,Mohammed Al Amoudi,,
#139,Hank & Doug Meijer,,
#139,Andrey Melnichenko,Bachelor of Arts / Science,Plekhanov Russian Academy
#141,William Ding,Bachelor of Arts / Science,University of Electronic Science and Technology of China
#141,R. Budi Hartono,,
#141,Reinhold Wuerth & family,,
#144,James Goodnight,Bachelor of Arts / Science,"North Carolina State University; Doctorate, North Carolina State University; Master of Science, North Carolina State University"
#144,Johann Graf,,
#146,Michael Hartono,,
#146,Dietmar Hopp & family,Master of Science,University of Karlsruhe
#148,Stanley Kroenke,Bachelor of Arts / Science,"University of Missouri; Master of Business Administration, Robert J. Trulaske, Sr. College of Business"
#148,Dmitry Rybolovlev,Medical Doctor,Perm Medical Institute
#148,Suh Kyung-Bae,Bachelor of Arts / Science,"Yonsei University; Master of Business Administration, Samuel Curtis Johnson Graduate School of Management"
#151,Roman Abramovich,Bachelor of Arts / Science,Moscow State Law Academy
#151,Emmanuel Besnier,,
#151,Lui Che Woo,,
#151,Robert & Philip Ng,,
#151,Mikhail Prokhorov,Bachelor of Arts / Science,Moscow Institute of Finance
#151,August von Finck,,
#157,Ken Griffin,Bachelor of Arts / Science,Harvard University
#158,Ananda Krishnan,Bachelor of Arts / Science,"Melbourne University; Master of Business Administration, Harvard University"
#159,Eli Broad,Bachelor of Arts / Science,Michigan State University; Broad College of Business
#159,"Thomas Frist, Jr. & family",Bachelor of Arts / Science,"Vanderbilt University; Medical Doctor, Washington University"
#159,"Herbert Kohler, Jr. & family",Bachelor of Arts / Science,Yale University
#159,Harry Triguboff,Bachelor of Arts / Science,University of Leeds
#163,"Edward Johnson, III.",Bachelor of Arts / Science,Harvard University
#163,Pierre Omidyar,Bachelor of Arts / Science,Tufts University
#163,Takemitsu Takizaki,,
#163,Wang Wenyin,,
#167,Micky Arison,Drop Out,University of Miami
#167,George Kaiser,Bachelor of Arts / Science,"Harvard University; Master of Business Administration, Harvard University"
#167,Les Wexner & family,Bachelor of Arts / Science,Ohio State University
#170,Alberto Bailleres Gonzalez & family,,
#171,Dhanin Chearavanont,,
#171,Margarita Louis-Dreyfus & family,,
#173,Alexei Kuzmichev,Bachelor of Arts / Science,Moscow Institute of Steel and Alloys
#174,Nicky Oppenheimer & family,Bachelor of Arts / Science,"Oxford U Christ Church; Master of Arts, Oxford U Christ Church"
#174,Peter Woo,Master of Business Administration,Columbia Business School
#176,Jean-Claude Decaux & family,,
#176,David Geffen,Drop Out,The University of Texas at Austin
#178,James Chambers,,
#178,Walter Droege,,
#178,Graeme Hart,,
#178,Sandra Ortega Mera,,
#178,Katharine Rayner,,
#178,Margaretta Taylor,,
#184,John Grayken,Bachelor of Arts / Science,"University of Pennsylvania; Master of Business Administration, Harvard Business School"
#184,Uday Kotak,Bachelor of Arts / Science,"Bombay University; Master of Business Administration, University of Bombay"
#184,Liu Qiangdong,Bachelor of Arts / Science,Renmin University of China
#184,John Malone,Bachelor of Arts / Science,"Yale University; Doctorate, Johns Hopkins University; Master of Science, Johns Hopkins University"
#188,Silvio Berlusconi & family,Doctor of Jurisprudence,University of Milan
#188,Garrett Camp,Master of Science,University of Calgary
#188,Curt Engelhorn & family,Bachelor of Arts / Science,The University of Texas at Austin
#188,Travis Kalanick,Drop Out,"University of California, Los Angeles"
#188,Walter Kwok,Master of Science,University of London
#188,Eduardo Saverin,Bachelor of Arts / Science,Harvard University
#188,Xu Shihui & family,,
#188,Zong Qinghou,,
#196,Giorgio Armani,Drop Out,University of Piacenza
#196,Kumar Birla,Bachelor of Arts / Science,"University of Bombay; Master of Business Administration, London Business School"
#196,Eva Gonda de Rivera & family,Bachelor of Arts / Science,Monterrey Institute of Technology and Higher Education
#196,Wolfgang Marguerre,,
#196,Hansjoerg Wyss,Master of Business Administration,"Harvard University; Master of Science, Swiss Federal Institute of Technology"
#201,Jay Y. Lee,Bachelor of Arts / Science,"Seoul National University; Master of Business Administration, Keio University; Doctorate, Harvard Business School"
#201,Gordon Moore,Bachelor of Arts / Science,"University of California Berkeley; Doctorate, California Institute of Technology"
#201,Frederik Paulsen,,
#201,Tsai Eng-Meng,,
#205,Patrick Drahi,,
#205,Philip & Cristina Green,,
#205,Mikhail Gutseriev,Bachelor of Arts / Science,Kazakh Technological Institute
#205,Shahid Khan,Bachelor of Arts / Science,"University of Illinois, Urbana-Champaign"
#205,Richard LeFrak & family,Bachelor of Arts / Science,"Amherst College; Doctor of Jurisprudence, Columbia University"
#205,Tom & Judy Love,,
#205,Pan Sutong,,
#205,Zhang Zhidong,Bachelor of Arts / Science,"Shenzhen University; Master of Arts, South China University of Technology"
#205,Zhou Qunfei,,
#214,Michael Kadoorie,,
#214,Jorn Rausing,,
#214,John A. Sobrato & family,Bachelor of Arts / Science,Santa Clara University
#214,Dennis Washington,Diploma,High School
#214,Christoffel Wiese,Bachelor of Arts / Science,"University of Stellenbosch; LLB, University of Stellenbosch"
#219,Francis Choi,,
#219,Sergei Galitsky,Bachelor of Arts / Science,Kuban State University
#219,Antonia Johnson,Master of Arts,University of Stockholm
#219,Pauline MacMillan Keinath,,
#219,Lu Guanqiu,Doctorate,Hong Kong Polytechnic University
#219,Sunil Mittal & family,Bachelor of Arts / Science,Punjab University
#219,Denis O'Brien,Master of Business Administration,Carroll School of Management
#219,Augusto & Giorgio Perfetti,,
#219,Melker Schorling,Master of Business Administration,Gothenburg University
#228,Heinrich Deichmann & family,,
#228,Terry Gou,,
#228,David Green,Diploma,High School
#228,Hiroshi Mikitani,Master of Business Administration,Harvard University
#228,Stef Wertheimer & family,,
#233,Maria Asuncion Aramburuzabala & family,Bachelor of Arts / Science,Instituto Tecnológico Autónomo de México
#233,Desh Bandhu Gupta,Master of Science,Bombay University
#233,Ralph Lauren,Diploma,High School
#233,Ted Lerner,LLB,"George Washington University; Associate in Arts / Science, George Washington University"
#233,James Ratcliffe,,
#233,Finn Rausing,,
#233,Kirsten Rausing,,
#240,Bruce Halle,Bachelor of Arts / Science,Eastern Michigan University
#240,James Irving,,
#240,Jason Jiang,Bachelor of Arts / Science,"Huadong Normal University; Bachelor of Arts / Science, Huadong Normal University"
#240,Richard Kinder,Bachelor of Arts / Science,"University of Missouri; Doctor of Jurisprudence, University of Missouri"
#240,Juan Roig,,
#240,Charles Schwab,Bachelor of Arts / Science,"Stanford University; Master of Business Administration, Stanford Graduate School of Business"
#240,Aloys Wobben,Bachelor of Arts / Science,U of Oldenburg
#240,Xu Chuanhua & family,,
#248,Vincent Bollore,LLB,Universite Paris X Nanterre
#248,Guenther Fielmann & family,,
#248,Ray Lee Hunt,Bachelor of Arts / Science,Southern Methodist University
#248,Bruce Kovner,Bachelor of Arts / Science,Harvard University
#248,Law Kar Po,,
#248,Joe Lewis,,
#248,Quek Leng Chan,,
#248,Johann Rupert & family,,
#248,Andrei Skoch,State Central Institute of Physical Culture,
#248,Jack Taylor & family,Drop Out,Washington University
#258,Chan Laiwa & family,,
#258,Anders Holch Povlsen,,
#258,Trevor Rees-Jones,Bachelor of Arts / Science,"Dartmouth College; Doctor of Jurisprudence, Southern Methodist University"
#258,Christy Walton & family,,
#262,Vivien Chen,,
#262,Harold Hamm,Diploma,High School
#262,Diane Hendricks,Diploma,High School
#262,Liu Yongxing,,
#262,Ian & Richard Livingstone,,
#262,Frank Lowy,,
#262,Ludwig Merckle,,
#262,Dan Olsson,,
#270,Majid Al Futtaim & family,,
#270,Charles Dolan & family,Drop Out,John Carroll University
#270,Israel Englander,Bachelor of Arts / Science,New York University
#270,Goh Cheng Liang,,
#270,"John Gokongwei, Jr.",,
#270,Guo Guangchang,Bachelor of Arts / Science,"Fudan University; Master of Business Administration, Fudan University"
#270,Tamara Gustavson & family,Bachelor of Arts / Science,University of Southern California
#270,Jerry Jones,Bachelor of Arts / Science,University of Arkansas
#270,Karl-Heinz Kipp,,
#270,Kwee family,Bachelor of Arts / Science,Philadelphia University
#270,Willi & Isolde Liebherr & family,,
#270,Lin Yu-lin,,
#270,Arnon Milchan,,
#270,Shashi & Ravi Ruia,,
#270,David Shaw,Bachelor of Arts / Science,"University of California, San Diego; Doctorate, Stanford University"
#270,Yang Huiyan,Bachelor of Arts / Science,Ohio State University
#286,Abdulla bin Ahmad Al Ghurair & family,,
#286,David & Frederick Barclay,,
#286,Richard Branson,Drop Out,High School
#286,Jim Davis & family,Bachelor of Arts / Science,Middlebury College
#286,Albert Frere,Drop Out,High School
#286,Daniel Gilbert,Bachelor of Arts / Science,"Michigan State University; LLB, Wayne State University"
#286,Akira Mori & family,,
#286,Robert Rowling,Bachelor of Arts / Science,"The University of Texas at Austin; Doctor of Jurisprudence, Southern Methodist University"
#286,Alejandro Santo Domingo,Bachelor of Arts / Science,Harvard University
#286,Andres Santo Domingo,Bachelor of Arts / Science,Brown University
#286,Bernard (Barry) Sherman,Bachelor of Science in Engineering,"University of Toronto; Doctorate, Massachusetts Institute of Technology; Master of Science, Massachusetts Institute of Technology"
#286,Chairul Tanjung,Medical Doctor,University of Indonesia
#298,Carl Cook,Bachelor of Arts / Science,"Purdue University; Master of Business Administration, Tippie School of Management"
#298,Michael & Marian Ilitch & family,Diploma,High School
#298,Bidzina Ivanishvili,,
#298,Robert Kraft,Bachelor of Arts / Science,"Columbia University; Master of Business Administration, Harvard Business School"
#298,Lu Zhiqiang,Master of Arts,Fudan University
#298,Michael Stoschek & family,,
#298,Sam Zell,Bachelor of Arts / Science,"University of Michigan; Doctor of Jurisprudence, University of Michigan"
#298,Daniel Ziff,Bachelor of Arts / Science,Columbia University
#298,Dirk Ziff,Bachelor of Arts / Science,"Columbia University; Master of Business Administration, Harvard University"
#298,Robert Ziff,Bachelor of Arts / Science,"Harvard University; Doctor of Jurisprudence, Cornell University"
#308,Richard DeVos & family,Bachelor of Arts / Science,Calvin College
#308,Gustaf Douglas,Master of Business Administration,Harvard University
#308,Arthur Irving,,
#308,Jia Yueting,,
#308,"Paul Tudor Jones, II.",Bachelor of Arts / Science,University of Virginia
#308,Whitney MacMillan,Bachelor of Arts / Science,Yale University
#308,Sun Guangxin,Master of Arts,"Chinese Academy of Social Sciences; EMBA, Tianjin University"
#308,Teh Hong Piow,,
#308,Hans Peter Wild,,
#317,Pyotr Aven,Ph.D,Moscow State University
#317,Laurence Graff & family,,
#317,Charles Johnson,Bachelor of Arts / Science,Yale University
#317,Lee Shin Cheng,Doctorate,Universiti Putra
#317,Richard Li,Drop Out,Stanford University
#317,Bruno Schroder & family,Master of Science,"Oxford University; Master of Business Administration, Harvard University"
#317,Mark Shoen,,
#324,Dona Bertarelli,,
#324,Leon Black,Bachelor of Arts / Science,"Dartmouth College; Master of Business Administration, Harvard University"
#324,Carlos and Alejandro Bulgheroni,,
#324,Clive Calder,,
#324,Ann Walton Kroenke,Registered Nurse,Lincoln University
#324,George Lucas,Bachelor of Arts / Science,University of Southern California
#324,Theo Mueller,,
#324,Jim Pattison,,
#324,Sergei Popov,Bachelor of Arts / Science,Ural State Technical University
#324,Sumner Redstone,Bachelor of Arts / Science,"Harvard University; Doctor of Jurisprudence, Harvard University"
#324,Maria-Elisabeth Schaeffler,,
#324,David Sun,Bachelor of Arts / Science,Tatung University
#324,Donald Trump,Bachelor of Arts / Science,University of Pennsylvania
#324,John Tu,Bachelor of Arts / Science,Technische Universität Darmstadt
#338,Brian Acton,,
#338,Jeronimo Arango & family,,
#338,Pierre Bellon & family,,
#338,Stanley Druckenmiller,Bachelor of Arts / Science,Bowdoin College
#338,David Duffield,Bachelor of Arts / Science,"Cornell University; Master of Business Administration, Samuel Curtis Johnson Graduate School of Management"
#338,Micky Jagtiani,,
#338,Wolfgang Reimann,,
#338,Matthias Reimann-Andersen,,
#338,Stefan Reimann-Andersen,,
#338,Renate Reimann-Haas,,
#338,Emanuele (Lino) Saputo,Diploma,High School
#338,Tong Jinquan,,
#338,Wang Chuanfu,Bachelor of Arts / Science,"Central South Industrial University of Technology; Master of Science, Beijing Non-Ferrous Research Institute"
#351,Bernard Broermann,Master of Business Administration,Harvard University
#351,Chung Mong-Koo,Bachelor of Arts / Science,Hanyang University
#351,Joao Roberto Marinho,,
#351,Jose Roberto Marinho,,
#351,Roberto Irineu Marinho,,
#351,Ricardo Salinas Pliego & family,Bachelor of Arts / Science,"Tecnológico de Monterrey; Master of Business Administration, A. B. Freeman School of Business"
#351,Wei Jianjun & family,Bachelor of Arts / Science,Hebei Province
#358,Ralph Dommermuth,,
#358,Jeffery Hildebrand,Bachelor of Arts / Science,"The University of Texas at Austin; Master of Science, The University of Texas at Austin"
#358,Henry Kravis,Bachelor of Arts / Science,"Claremont McKenna College; Master of Business Administration, Columbia Business School"
#358,Sri Prakash Lohia,Bachelor of Arts / Science,Delhi University
#358,Carrie Perrodo & family,,
#358,Odd Reitan,,
#358,Stewart and Lynda Resnick,Bachelor of Arts / Science,"University of California, Los Angeles; Doctor of Jurisprudence, University of California, Los Angeles"
#358,Joseph Tsai,Bachelor of Arts / Science,"Yale University; Doctor of Jurisprudence, Yale University"
#358,Wang Wei,,
#358,Wee Cho Yaw,,
#358,M.A. Yusuff Ali,,
#369,Americo Amorim,,
#369,Dannine Avara,,
#369,John Doerr,Bachelor of Arts / Science,"Rice University; Master of Business Administration, Harvard University; Master of Science, Rice University"
#369,Scott Duncan,,
#369,Milane Frantz,,
#369,Gong Hongjia & family,Bachelor of Arts / Science,Huazhong University of Science and Technology
#369,Liu Yonghao & family,,
#369,George Roberts,Bachelor of Arts / Science,"Claremont McKenna College; Doctor of Jurisprudence, UC Hastings"
#369,Mark Scheinberg,Drop Out,Fanshawe College
#369,Reinhold Schmieding,Bachelor of Arts / Science,Michigan State University
#369,Randa Williams,Bachelor of Arts / Science,"Rice University; Doctor of Jurisprudence, University of Houston"
#380,Jin Sook & Do Won Chang,Diploma,High School
#380,James Dyson,,
#380,Han Chang-Woo & family,,
#380,Bertil Hult,,
#380,James Jannard,Drop Out,University of Southern California
#380,Vikram Lal,,
#380,Nancy Walton Laurie,Bachelor of Arts / Science,University of Memphis
#380,Iskander Makhmudov,Bachelor of Arts / Science,Tashkent State University
#380,Terrence Pegula,Bachelor of Science in Engineering,Pennsylvania State University
#380,Jerry Speyer,Bachelor of Arts / Science,"Columbia University; Master of Business Administration, Columbia Business School"
#380,Leonard Stern,Bachelor of Arts / Science,"New York University; Master of Business Administration, Leonard N. Stern School of Business"
#380,Lucio Tan & family,Bachelor of Arts / Science,Far Eastern University
#392,Shari Arison,Drop Out,Miami Dade College
#392,Leonid Fedun,Master of Science,Military Academy F.E.Dzerzhinsky
#392,Frits Goldschmeding,Doctorate,Free University of Amsterdam
#392,Martha Ingram & family,Bachelor of Arts / Science,Vassar College
#392,"Rupert Johnson, Jr.",Bachelor of Arts / Science,Washington & Lee University
#392,Edwin Leong,,
#392,Mary Alice Dorrance Malone,Bachelor of Arts / Science,University of Arizona
#392,John Sall,Bachelor of Arts / Science,"Beloit College; Master of Business Administration, Northern Illinois University"
#392,Jeffrey Skoll,Bachelor of Arts / Science,"University of Toronto; Master of Business Administration, Stanford Graduate School of Business"
#392,Sheldon Solow,Drop Out,New York University
#392,Zhou Jianping,,
#403,Heinz-Georg Baus,,
#403,Denise Coates,,
#403,Traudl Engelhorn & family,,
#403,Ursula Engelhorn & family,,
#403,Michael Herz,,
#403,Wolfgang Herz,,
#403,Randal Kirk,Bachelor of Arts / Science,"Radford; Doctor of Jurisprudence, University of Virginia"
#403,Niels Peter Louis-Hansen,,
#403,Fredrik Lundberg,Bachelor of Arts / Science,Stockholm School of Economics
#403,John Morris,Bachelor of Arts / Science,Drury University
#403,"H. Ross Perot, Sr.",Bachelor of Arts / Science,United States Naval Academy
#403,Michael Pieper,Master of Business Administration,St Gallen University
#403,Karen Pritzker,Bachelor of Arts / Science,Northwestern University
#403,Viktor Rashnikov,Bachelor of Science in Engineering,Magnitogorsk Mining and Metallurgical Institute
#403,Leandro Rizzuto & family,Drop Out,St John's University - NY
#403,"Edward Roski, Jr.",Bachelor of Arts / Science,University of Southern California
#403,"Walter Scott, Jr. & family",Bachelor of Arts / Science,Colorado State University
#403,Zhang Jindong,Bachelor of Arts / Science,Nanjing Normal University
#421,Rahel Blocher,,
#421,Vanich Chaiyawan,,
#421,Juan Carlos Escotet,Master,University of Miami
#421,Phillip Frost,Bachelor of Arts / Science,"University of Pennsylvania; Medical Doctor, Yeshiva U Albert Einstein College of Medicine"
#421,Hui Wing Mau,Master of Business Administration,University of South Australia
#421,"Jeremy Jacobs, Sr.",Bachelor of Arts / Science,SUNY Buffalo
#421,Nathan Kirsh,Bachelor of Arts / Science,University of Witwatersrand
#421,Kwon Hyuk-Bin,Bachelor of Arts / Science,Sogang University
#421,Magdalena Martullo-Blocher,,
#421,Axel Oberwelland,,
#421,Idan Ofer,,
#421,Horst Paulmann & family,,
#421,Nassef Sawiris,Bachelor of Arts / Science,University of Chicago
#421,George Ty & family,,
#435,Alexander Abramov,Bachelor of Arts / Science,Moscow Institute of Physics and Technology
#435,Martin & Olivier Bouygues,,
#435,Subhash Chandra,,
#435,Archie Aldis Emmerson,Diploma,High School
#435,Andrei Guriev,Bachelor of Arts / Science,State Central Institute of Physical Culture
#435,Elizabeth Holmes,Drop Out,Stanford University
#435,Masatoshi Ito,,
#435,Dominika & Sebastian Kulczyk,,
#435,Siegfried Meister,,
#435,Gwendolyn Sontheim Meyer,,
#435,Anthony Pratt,Bachelor of Arts / Economics,Monash University
#435,Steven Rales,Bachelor of Arts / Science,"DePauw University; Law Degree, American University"
#435,Ira Rennert,Bachelor of Arts / Science,"Brooklyn College; Master of Business Administration, Leonard N. Stern School of Business"
#435,"Julian Robertson, Jr.",Bachelor of Arts / Science,University of North Carolina
#435,Harry Stine,,
#435,Ronda Stryker,Bachelor of Arts / Science,"University of Northern Colorado; Master of Arts, Western Michigan University"
#435,Lottie Tham,,
#435,Frank Wang,Bachelor of Arts / Science,"Hong Kong University of Science and Technology; Master of Science, Hong Kong University of Science and Technology"
#453,Gautam Adani,,
#453,Michael Ashley,,
#453,Benu Gopal Bangur,Bachelor of Arts / Science,Calcutta University
#453,Peter Buck,Bachelor of Arts / Science,"Bowdoin College; Doctorate, Columbia University; Master of Arts, Columbia University"
#453,Rick Caruso,Bachelor of Arts / Science,"University of Southern California; Doctor of Jurisprudence, Pepperdine University"
#453,Dan Friedkin,,
#453,Antti Herlin,,
#453,Kieu Hoang,,
#453,Savitri Jindal & family,,
#453,Ronald Lauder,Bachelor of Arts / Science,University of Pennsylvania Wharton School
#453,Liang Wengen,Bachelor of Arts / Science,Central South University
#453,Masahiro Miki,Bachelor of Arts / Science,Toho Gakuen tanki University
#453,Igor Olenicoff,Bachelor of Arts / Science,"University of Southern California; Master of Science, University of Southern California"
#453,James Packer,,
#453,Pan Zhengmin & family,Jiangsu Province Wujin Teacher School,
#453,Pankaj Patel,Bachelor of Arts / Science,"Gujarat University; Master of Science, Gujarat University"
#453,Isaac Perlmutter,,
#453,"Robert Rich, Jr.",Bachelor of Arts / Science,"Williams College; Master of Business Administration, Simon School of Business"
#453,Haim Saban,Diploma,High School
#453,Steven Spielberg,Bachelor of Arts / Science,California State Long Beach
#453,Keiichiro Takahara & family,,
#453,Steven Udvar-Hazy,Bachelor of Arts / Science,"University of California, Los Angeles"
#453,Wang Wenxue,,
#453,Zhang Shiping & family,Anhui College of Finance and Trading,
#477,Prince Sultan bin Mohammed bin Saud Al Kabeer,Bachelor of Arts / Science,King Saud University
#477,Isak Andic & family,,
#477,Neil Bluhm,Bachelor of Arts / Science,"University of Illinois, Urbana-Champaign; Doctor of Jurisprudence, Northwestern University"
#477,John Catsimatidis,Drop Out,New York University
#477,Giuseppe De'Longhi,Bachelor of Arts / Economics,Università Cà Foscari di Venezia
#477,Abilio dos Santos Diniz,Bachelor of Arts / Science,Fundacao Getulio Vargas
#477,Pansy Ho,Bachelor of Arts / Science,University of Santa Clara
#477,Michel Leclercq & family,,
#477,Elisabeth Mohn & family,,
#477,Pang Kang,,
#477,Qiu Guanghe & family,,
#477,Mitchell Rales,Bachelor of Arts / Science,Miami University of Ohio
#477,Paolo & Gianfelice Mario Rocca,Master of Business Administration,Harvard University
#477,Lynn Schusterman,Drop Out,University of Miami
#477,Friede Springer,,
#477,Sun Piaoyang,Bachelor of Arts / Science,"China Pharmaceutical University; Doctorate, Nanjing University"
#477,Jeff Sutton,Bachelor of Arts / Science,University of Pennsylvania Wharton School
#477,Russ Weiner,,
#495,Marc Benioff,Bachelor of Arts / Science,University of Southern California
#495,Nathan Blecharczyk,Bachelor of Arts / Science,Harvard University
#495,Bubba Cathy,Bachelor of Arts / Science,Samford University
#495,Dan Cathy,Bachelor of Arts / Science,Georgia Southern University
#495,David Cheriton,Doctorate,"University of Waterloo; Bachelor of Arts / Science, University of British Columbia; Master of Science, University of Waterloo"
#495,Brian Chesky,Bachelor of Arts / Science,Rhode Island School of Design
#495,"Edward DeBartolo, Jr.",Bachelor of Arts / Science,Notre Dame University
#495,John Gandel,Doctorate,Monash University
#495,Rosa Anna Magno Garavoglia & family,,
#495,Joe Gebbia,Bachelor of Arts / Science,Rhode Island School of Design
#495,Tom Gores,Bachelor of Arts / Science,Michigan State University
#495,Jeff Greene,Bachelor of Arts / Science,"Johns Hopkins University; Master of Business Administration, Harvard University"
#495,Jiang Bin,Bachelor of Arts / Science,"Beijing University of Aeronautics and Astronautics; Master of Business Administration, Tsinghua University"
#495,H. Fisk Johnson,Bachelor of Arts / Science,"Cornell University; Doctorate, Cornell University; Master of Science, Cornell University; Master of Business Administration, Samuel Curtis Johnson Graduate School of Management"
#495,Imogene Powers Johnson,Bachelor of Arts / Science,Cornell University
#495,S. Curtis Johnson,Bachelor of Arts / Science,"Cornell University; Master of Business Administration, Kellogg School of Management"
#495,Helen Johnson-Leipold,Bachelor of Arts / Science,Cornell University
#495,Winnie Johnson-Marquart,Bachelor of Arts / Science,Cornell University
#495,Erich Kellerhals,,
#495,Ma Jianrong & family,,
#495,Bernard Marcus,Bachelor of Arts / Science,Rutgers University
#495,Clayton Mathile,Bachelor of Arts / Science,Ohio Northern University
#495,Robert McNair,Bachelor of Arts / Science,University of South Carolina
#495,Alain Merieux & family,,
#495,Jorge Perez,Bachelor of Arts / Science,"CW Post College; Master of Science, University of Michigan"
#495,Qi Shi & family,EMBA,"Fudan University; Bachelor of Arts / Science, Shanghai Jiaotong University"
#495,Teddy Sagi,,
#495,Joan Tisch,Bachelor of Arts / Science,University of Michigan
#495,Martin Viessmann & family,Diploma,University of Erlangen
#495,Andreas von Bechtolsheim & family,Master of Science,Carnegie Mellon University
#495,Zhang Guiping & family,Bachelor of Arts / Science,South East University
#495,Zhu Gongshan,,
#527,"Austen Cargill, II.",Bachelor of Arts / Science,"University of Minnesota; Doctorate, Oregon State University; Master of Science, University of Minnesota"
#527,"James Cargill, II.",,
#527,Leon G. Cooperman,Bachelor of Arts / Science,"Hunter College; Master of Business Administration, Columbia Business School"
#527,Mark Cuban,Bachelor of Arts / Science,Indiana University
#527,Bernard Ecclestone & family,,
#527,Zarakh Iliev,,
#527,Bachtiar Karim,,
#527,Daryl Katz,Bachelor of Arts / Science,"University of Alberta; Doctor of Jurisprudence, University of Alberta"
#527,Li Hejun,,
#527,Marianne Liebmann,Bachelor of Arts / Science,Montana State University
#527,God Nisanov,Diploma,Baku Institute of Law
#527,Kevin Plank,Master of Business Administration,"Robert H. Smith School of Business; Bachelor of Arts / Science, University of Maryland"
#527,Anthony Pritzker,Bachelor of Arts / Science,"Dartmouth College; Master of Business Administration, Booth School of Business"
#527,Jay Robert (J.B.) Pritzker,Bachelor of Arts / Science,"Duke University; Doctor of Jurisprudence, Northwestern University"
#527,Renzo Rosso,Drop Out,Universita di Padua
#527,Hussain Sajwani,Bachelor of Arts / Science,University of Washington
#527,Thomas Schmidheiny,Bachelor of Arts / Science,"Zurich Polytechnic; Doctorate, Tufts University"
#527,Shaul Shani,,
#527,Andreas Struengmann,Medical Doctor,University at Buffalo
#527,Thomas Struengmann,Master of Business Administration,"University of Augsburg; Master of Business Administration, University of Augsburg"
#527,Wu Yajun & family,Northwestern Polytechnical University,
#527,Yang Kai,,
#549,Abdulla Al Futtaim,,
#549,Kapil & Rahul Bhatia,Bachelor of Science in Engineering,University of Waterloo
#549,Pollyanna Chu,Bachelor of Arts / Science,Golden Gate University
#549,Ken Fisher,Bachelor of Arts / Science,Humboldt State University
#549,Jaime Gilinski Bacal,Master of Business Administration,Harvard Business School
#549,Andreas Halvorsen,Master of Business Administration,"Stanford Graduate School of Business; Bachelor of Arts / Science, Williams College"
#549,Indu Jain,,
#549,Samvel Karapetyan,Bachelor of Arts / Science,Yerevan Polytechnic Institute
#549,Barry Lam,Bachelor of Arts / Science,National Taiwan University
#549,Lars Larsen,,
#549,Samuel Tak Lee,Bachelor of Arts / Science,"Massachusetts Institute of Technology; Master of Business Administration, Harvard Business School"
#549,John Overdeck,Bachelor of Arts / Science,Stanford University
#549,Issad Rebrab & family,,
#549,J. Christopher Reyes,Bachelor of Arts / Science,University of Maryland
#549,Jude Reyes,Bachelor of Arts / Science,Wofford College
#549,David Siegel,Bachelor of Arts / Science,"Princeton University; Ph.D, Massachusetts Institute of Technology"
#549,Frederick Smith,Bachelor of Arts / Science,Yale University
#549,Donald Sterling,Doctor of Jurisprudence,"Southwestern Law School; Bachelor of Arts / Science, California State Los Angeles"
#549,Juan-Miguel Villar Mir & family,,
#549,Roger Wang,Bachelor of Arts / Science,"Chinese Cultural University; Master of Business Administration, Southeastern Louisiana University"
#569,Stephen Bisciotti,Bachelor of Arts / Science,Salisbury State University
#569,Chey Tae-Won,Bachelor of Arts / Science,"Korea University; Master of Science, University of Chicago"
#569,Chung Eui-Sun,Bachelor of Arts / Science,"Korea University; Master of Business Administration, University of San Francisco"
#569,David Consunji,,
#569,Jack Dangermond,Bachelor of Arts / Science,"California State Polytechnical University; Master of Science, University of Minnesota; Master of Science, Harvard University"
#569,Rafael Del Pino y Calvo-Sotelo,Master of Business Administration,"Sloan School of Management; Bachelor of Arts / Science, Universidad Politecnica de Madrid"
#569,Dagmar Dolby & family,Bachelor of Arts / Science,Heidelberg University
#569,Bennett Dorrance,Bachelor of Arts / Science,University of Arizona
#569,Isabel dos Santos,Bachelor of Arts / Science,King's College
#569,Tilman Fertitta,Drop Out,"Texas Tech University; Drop Out, University of Houston"
#569,Bernard Fraisse,,
#569,"Amos Hostetter, Jr.",Bachelor of Arts / Science,"Amherst College; Master of Business Administration, Harvard University"
#569,Liu Yiqian,,
#569,Luo Jye & family,,
#569,Sudhir & Samir Mehta,Bachelor of Arts / Science,Gujarat University
#569,Jorge Moll Filho,Masters of Public Health,Universidade Federal do Rio de Janeiro
#569,Erwin Franz Mueller,,
#569,Michael Platt,Bachelor of Arts / Science,"London School of Economics; Bachelor of Arts / Science, London School of Economics"
#569,"David Rockefeller, Sr.",Bachelor of Arts / Science,"Harvard University; Doctorate, University of Chicago"
#569,Chanchai Ruayrungruang,,
#569,Naguib Sawiris,Bachelor of Arts / Science,"Swiss Federal Polytechnical Institute; Master of Science, Swiss Federal Polytechnical Institute"
#569,Stephan Schmidheiny,Doctorate,University of Zurich
#569,Andrew Tan,Bachelor of Arts / Science,University of the East
#569,Tony Tan Caktiong & family,,
#569,Oprah Winfrey,Bachelor of Arts / Science,Tennessee State University
#569,Ye Chenghai & family,Bachelor of Arts / Science,Renmin University of China
#595,Kunio Busujima & family,Bachelor of Arts / Science,Kiryu Commerce & Technical School
#595,John Paul DeJoria,Diploma,High School
#595,Lindsay Fox,,
#595,Peter Hargreaves,,
#595,Erivan Haub & family,Bachelor of Arts / Science,University of Hamburg
#595,Huang Rulun,,
#595,Dmitry Kamenshchik,Bachelor of Arts / Science,Moscow State University
#595,Guenther Lehmann,,
#595,Lu Xiangyang,,
#595,Alexander Nesis,Bachelor of Arts / Science,Leningrad Technological Institute
#595,Ravi Pillai,,
#595,"Wilbur Ross, Jr.",Bachelor of Arts / Science,"Yale University; Master of Business Administration, Harvard University"
#595,Dirk Rossmann & family,,
#595,Howard Schultz,Bachelor of Arts / Science,Northern Michigan University
#595,Alexander Svetakov,Bachelor of Science in Engineering,Moscow Institute of Electronic Technology
#595,Murat Ulker,Bachelor of Arts / Science,Bogazici University
#595,Simon Xie,,
#612,Robert Bass,Bachelor of Arts / Science,"Yale University; Master of Business Administration, Stanford University"
#612,Carlo Benetton,,
#612,Gilberto Benetton,,
#612,Giuliana Benetton,,
#612,Luciano Benetton,,
#612,Otto Philipp Braun,,
#612,Otto Happel,,
#612,Daniela Herz,,
#612,Guenter Herz & Family,,
#612,Peter Kellogg,Drop Out,Babson College
#612,Heikki Kyostila,,
#612,Lee Jay-Hyun,Bachelor of Arts / Science,Korea University
#612,Yuri Milner,Bachelor of Arts / Science,"Moscow State University; Master of Business Administration, Wharton School"
#612,Fernando Roberto Moreira Salles,Bachelor of Arts / Science,Fundacao Getulio Vargas
#612,Joao Moreira Salles,,
#612,Pedro Moreira Salles,Bachelor of Arts / Science,"University of California, Los Angeles"
#612,Walther Moreira Salles Junior,Bachelor of Arts / Science,University of Southern California
#612,Prasert Prasarttong-Osoth,,
#612,"Bernard Saul, II.",Bachelor of Arts / Science,"Villanova University; LLB, University of Virginia"
#612,Alexandra Schorghuber,,
#612,Herbert Simon,Bachelor of Arts / Science,City College of New York
#612,Kushal Pal Singh,Bachelor of Arts / Science,Delhi University
#612,Vichai Srivaddhanaprabha,,
#612,Hans Strothoff,,
#612,Romesh T. Wadhwani,Doctorate,"Carnegie Mellon University; Bachelor of Arts / Science, Indian Institute of Technology, Bombay; Master of Science, Carnegie Mellon University"
#612,Xue Xiangdong & family,Bachelor of Arts / Science,Hunan University
#638,Riley Bechtel,Bachelor of Arts / Science,"University of Calif Davis; Master of Business Administration, Stanford University; Doctor of Jurisprudence, Stanford University"
#638,"Stephen Bechtel, Jr.",Bachelor of Arts / Science,"Purdue University; Master of Business Administration, Stanford University"
#638,Jean-Michel Besnier,,
#638,Marie Besnier Beauvalot,,
#638,Alain Bouchard,,
#638,Cai Dongqing,EMBA,Sun Yat-sen University
#638,Jean Pierre Cayard,,
#638,Richard Chandler,,
#638,Chen Fashu,China Europe International Business School,
#638,Andrew & Peggy Cherng,Master of Arts,"University of Missouri; Ph.D, University of Missouri"
#638,Silas Chou,,
#638,"John Dorrance, III.",,
#638,Robert Duggan,Drop Out,"University of California, Santa Barbara; Drop Out, University of California, Los Angeles"
#638,Hortensia Herrero,,
#638,Heidi Horten,,
#638,Kwek Leng Beng,LLB,University of London
#638,Kenneth Langone,Bachelor of Arts / Science,"Bucknell University; Master of Business Administration, Leonard N. Stern School of Business"
#638,James Leprino,,
#638,Sergio Mantegazza,,
#638,John Middleton,Bachelor of Arts / Science,"Amherst College; Master of Business Administration, Harvard University"
#638,Robert Miller,Bachelor of Arts / Science,Rider University
#638,David Murdock,Drop Out,High School
#638,Thomas Pritzker,Bachelor of Arts / Science,"Claremont McKenna College; Master of Business Administration, University of Chicago; Doctor of Jurisprudence, University of Chicago"
#638,Peter Thiel,Bachelor of Arts / Science,"Stanford University; Doctor of Jurisprudence, Stanford University"
#638,Yitzhak Tshuva,,
#638,Wang Yusuo & family,Doctorate,"Tianjin University; Bachelor of Arts / Science, People's University of China"
#638,John Whittaker,Diploma,High School
#638,Yeung Kin-man,,
#666,Yvonne Bauer & family,,
#666,Arthur Blank,Bachelor of Arts / Science,Babson College
#666,Antonio Del Valle Ruiz & family,,
#666,Walter Faria,,
#666,Doris Fisher,Bachelor of Arts / Science,Stanford University
#666,H. Wayne Huizenga,Drop Out,Calvin College
#666,Ke Zunhong & family,,
#666,Lam Wai Ying,,
#666,Li Shuirong,,
#666,Liu Zhongtian & family,Diploma,Liaoning Radio and TV University
#666,Daniel Loeb,Bachelor of Arts / Science,Columbia University
#666,Ronald McAulay,Master of Arts,University of Glasgow
#666,Michael Moritz,Bachelor of Arts / Science,"Christ Church, Oxford University; Master of Business Administration, Wharton School"
#666,"Carolus Nolet, Sr.",,
#666,Daniel Och,Bachelor of Arts / Science,University of Pennsylvania Wharton School
#666,Husnu Ozyegin,Bachelor of Arts / Science,"Oregon State University; Master of Business Administration, Harvard University"
#666,A. Jerrold Perenchio,Bachelor of Arts / Science,"University of California, Los Angeles"
#666,Krit Ratanarak,,
#666,Henry Samueli,Bachelor of Arts / Science,"University of California, Los Angeles; Doctorate, University of California, Los Angeles; Master of Science, University of California, Los Angeles"
#666,Hanni Toosbuy Kasprzak,,
#666,Samuel Yin,,
#666,Zhang Xin & family,Master of Arts,"Cambridge University; Bachelor of Arts / Science, University of Sussex"
#688,Anil Ambani,Bachelor of Arts / Science,"University of Bombay; Master of Business Administration, Wharton School"
#688,John Arnold,Bachelor of Arts / Science,Vanderbilt University
#688,Andrej Babis,,
#688,David Bonderman,Bachelor of Arts / Science,"University of Washington; Doctor of Jurisprudence, Harvard University"
#688,Jose Luis Cutrale,,
#688,Bharat & Neerja Sethi Desai,Bachelor of Arts / Science,"Indian Institute of Technology, Bombay; Master of Business Administration, Stephen M. Ross School of Business"
#688,Kuldip Singh & Gurbachan Singh Dhingra,Bachelor of Arts / Science,Delhi University
#688,Philippe Foriel-Destezet,Master of Business Administration,HEC Paris
#688,Tom Golisano,Associate in Arts / Science,SUNY Tech Alfred
#688,Henry Hillman,Bachelor of Arts / Science,Princeton University
#688,Johan Johannson,,
#688,Viatcheslav Kantor,Ph.D,Moscow Aviation University
#688,Louis Le Duff,,
#688,Li Zhongchu,Bachelor of Arts / Science,Wuhan University
#688,"Stephen Mandel, Jr.",Bachelor of Arts / Science,"Dartmouth College; Master of Business Administration, Harvard University; Diploma, Phillips Academy Exeter"
#688,Mohamed Mansour,Master of Business Administration,Auburn University
#688,Najib Mikati,Bachelor of Arts / Science,"American University Beirut Lebanon; Master of Business Administration, American University Beirut Lebanon"
#688,Taha Mikati,Bachelor of Arts / Science,American University Beirut Lebanon
#688,Michael Milken,Bachelor of Arts / Science,"University of California Berkeley; Master of Business Administration, Wharton School"
#688,Yoshiko Mori,,
#688,Philip Niarchos,,
#688,Sebastian Pinera,Doctorate,Harvard University
#688,P.V. Ramprasad Reddy,,
#688,Gary Rollins,,
#688,Randall Rollins,,
#688,Dieter Schnabel,,
#688,Robert Smith,Bachelor of Arts / Science,"Cornell University; Master of Business Administration, Columbia University"
#688,Zygmunt Solorz-Zak,,
#688,Wang Xing,Graduate,Tsinghua University
#688,"William Wrigley, Jr.",Bachelor of Arts / Science,Duke University
#688,Yu Yong,,
#688,Eddie & Sol Zakay,,
#688,Christoph Zeller,,
#688,Mortimer Zuckerman,Bachelor of Arts / Science,"McGill University; LLM, Harvard University; Master of Business Administration, Wharton School"
#722,Rahul Bajaj,Master of Business Administration,Harvard University
#722,George Bishop,,
#722,Jim Breyer,Bachelor of Arts / Science,"Stanford University; Master of Business Administration, Harvard Business School"
#722,Bernardo Caprotti,,
#722,Tatiana Casiraghi,,
#722,John Caudwell,,
#722,Jason Chang,Bachelor of Arts / Science,National Taiwan University
#722,"Chase Coleman, III.",Bachelor of Arts / Science,Williams College
#722,Judy Faulkner,Bachelor of Arts / Science,"Dickinson College; Master of Science, University of Wisconsin"
#722,Bernd Freier,,
#722,Reid Hoffman,Bachelor of Arts / Science,"Stanford University; Master of Science, Oxford University"
#722,Huang Shih Tsai,,
#722,Igor Kesaev,Bachelor of Arts / Science,Moscow Institute of International Relations
#722,Andrei Kozitsyn,Bachelor of Science in Engineering,Ural Polytechnic Institute
#722,Raj Kumar & Kishin RK,,
#722,Marc Ladreit de Lacharriere,,
#722,Manuel Lao Hernandez,,
#722,Patrick Lee,,
#722,Douglas Leone,Bachelor of Arts / Science,"Cornell University; Master of Science, Columbia University; Master of Business Administration, Sloan School of Management"
#722,Lin Xiucheng & family,Bachelor of Arts / Science,Xiamen University
#722,George Lindemann & family,Bachelor of Arts / Science,University of Pennsylvania Wharton School
#722,Friedhelm Loh,,
#722,Alexander Mamut,LLB,Moscow State University
#722,Hans Melchers,,
#722,C. Dean Metropoulos,Bachelor of Arts / Science,"Babson College; Master of Business Administration, Babson College"
#722,Tom Morris,,
#722,Stefan Olsson,,
#722,Sean Parker,Diploma,High School
#722,Karl-Johan Persson,Bachelor of Arts / Science,London Business School
#722,Tom Persson,,
#722,"Enrique Razon, Jr.",,
#722,Phillip Ruffin,Diploma,High School
#722,Ferit Faik Sahenk,Bachelor of Arts / Science,Boston College
#722,"Julio Mario Santo Domingo, III.",Bachelor of Arts / Science,Boston University
#722,Michael & Reiner Schmidt-Ruthenbeck,,
#722,Richard Schulze,Diploma,High School
#722,Charlotte Soderstrom,,
#722,"Clemmie Spangler, Jr.",Bachelor of Arts / Science,"University of North Carolina; Master of Business Administration, Harvard University"
#722,Warren Stephens,Bachelor of Arts / Science,"Washington & Lee University; Master of Business Administration, Wake Forest University School of Business"
#722,Lawrence Stroll,,
#722,Daniel Tsai,LLM,"Georgetown University; LLB, National Taiwan University"
#722,Richard Tsai,Master of Business Administration,"Leonard N. Stern School of Business; Graduate, National Taiwan University"
#722,Wang Changtian,Bachelor of Arts / Science,Fudan University
#722,Ty Warner,Drop Out,Kalamazoo College
#722,Dean White,Bachelor of Arts / Science,United States Merchant Marine Academy
#722,Steve Wynn,Bachelor of Arts / Science,University of Pennsylvania
#722,Vladimir Yevtushenkov,Bachelor of Arts / Science,"Mendeleyev Chemical Engin; Master of Science, Moscow State University"
#722,Michael Ying,,
#722,Zheng Yuewen & family,,
#771,Rinat Akhmetov,Bachelor of Arts / Science,Donetsk National University
#771,Mohammed Al Issa & family,,
#771,Anthony Bamford & family,Bachelor of Arts / Science,Grenoble University
#771,Carl Bennet,Master of Business Administration,University of Gothenburg
#771,Patrizio Bertelli,Master of Business Administration,University of Florence
#771,Charles Bronfman,Bachelor of Arts / Science,McGill University
#771,Eva Maria Bucher-Haefner,,
#771,"William Conway, Jr.",Bachelor of Arts / Science,"Dartmouth College; Master of Business Administration, Booth School of Business"
#771,Daniel D'Aniello,Bachelor of Arts / Science,"Syracuse University; Master of Business Administration, Harvard University"
#771,Edgar de Picciotto & family,,
#771,Barry Diller,Drop Out,"University of California, Los Angeles"
#771,Fong Yun Wah,,
#771,Don Hankey,Bachelor of Arts / Science,University of Southern California
#771,Jimmy Haslam,Bachelor of Arts / Science,University of Tennessee Knoxville
#771,Huang Wei,Wenzhou Normal College,
#771,James Irsay,Bachelor of Arts / Science,Southern Methodist University
#771,Kim Jung-Ju,Bachelor of Arts / Science,"Seoul National University; Master of Science, Korea Advanced Institute of Science and Technology; Doctorate, Korea Advanced Institute of Science and Technology"
#771,Kurt Krieger,,
#771,Herman Langness,,
#771,Mangal Prabhat Lodha,,
#771,Bernardo Matte,Bachelor of Arts / Science,University of Chile
#771,Eliodoro Matte,Bachelor of Arts / Science,"Pontificia Universidad Catolica de Chile; Master of Business Administration, Booth School of Business"
#771,Patricia Matte,Bachelor of Arts / Science,Pontificia Universidad Catolica de Chile
#771,Vadim Moshkovich,Bachelor of Arts / Science,"Moscow Institute of Radioengineering, Electronics and Automation"
#771,Alexander Ponomarenko,Bachelor of Arts / Science,"Simferopol State University; Master of Science, Russian State Academy of Management"
#771,Miuccia Prada,Doctorate,"University of Milan; Doctorate in Pedagogical Sciences, University of Milan"
#771,John Pritzker,Bachelor of Arts / Science,Menlo College
#771,Penny Pritzker,Bachelor of Arts / Science,"Harvard University; Doctor of Jurisprudence, Stanford University; Master of Business Administration, Stanford Graduate School of Business"
#771,Michael Rubin,Drop Out,Villanova University
#771,Patrick Ryan,Bachelor of Arts / Science,Northwestern University
#771,Alexander Skorobogatko,Master of Science,Plekhanov Russian Academy
#771,Helmut Sohmen,Bachelor of Arts / Science,"University of Vienna; Doctor of Jurisprudence, Southern Methodist University"
#771,Song Zuowen,,
#771,Pat Stryker,Drop Out,University of Northern Colorado
#771,Tang Yiu,,
#771,Tse Ping & family,,
#771,Bulat Utemuratov,,
#771,Yeoh Tiong Lay,Doctorate,Heriot-Watt University
#771,Zhou Yahui & family,,
#810,Saif Al Ghurair & family,,
#810,John Arrillaga,Bachelor of Arts / Science,Stanford University
#810,Semahat Sevim Arsel,,
#810,Tom Benson & family,Diploma,High School
#810,Jurgen Blickle,,
#810,Hubert Burda,Bachelor of Arts / Science,Ludwig Maxmilian University
#810,Smita Crishna-Godrej,,
#810,Ashwin Dani,Bachelor of Arts / Science,"Bombay University; Master of Science, University of Akron"
#810,Eduardo Eurnekian,,
#810,John Fisher,Bachelor of Arts / Science,"Princeton University; Master of Business Administration, Stanford Graduate School of Business"
#810,Fu Liquan & family,Bachelor of Arts / Science,"Zhejiang Shuren University; EMBA, Zhejiang University"
#810,Adi Godrej,Bachelor of Arts / Science,"Massachusetts Institute of Technology; Master of Science, Massachusetts Institute of Technology"
#810,Jamshyd Godrej,Bachelor of Science in Engineering,Illinois Institute of Technology
#810,Nadir Godrej,Bachelor of Science in Engineering,"Massachusetts Institute of Technology; Master of Science in Engineering, Stanford University; Master of Business Administration, Harvard Business School"
#810,Noam Gottesman,Bachelor of Arts / Science,Columbia University
#810,Martin Haefner,,
#810,Caroline Hagen Kjos,,
#810,Bahaa Hariri,Bachelor of Arts / Science,Boston University
#810,Joshua Harris,Bachelor of Arts / Science,"University of Pennsylvania Wharton School; Master of Business Administration, Harvard University"
#810,B. Wayne Hughes,Bachelor of Arts / Science,University of Southern California
#810,Min Kao & family,Bachelor of Arts / Science,"National Taiwan University; Doctorate, University of Tennessee Knoxville; Master of Science, University of Tennessee Knoxville"
#810,Brad Kelley,Diploma,High School
#810,Alicia Koplowitz,,
#810,Kuok Khoon Hong,,
#810,Edward Lampert,Bachelor of Arts / Science,Yale University
#810,Lee Joong-Keun,Doctorate,Korea University
#810,Lim Sung-Ki,,
#810,Kalanithi Maran,Master of Business Administration,University of Scranton
#810,Robert Miller,Bachelor of Arts / Science,Cornell University
#810,Shigenobu Nagamori,,
#810,Rishad Naoroji,Associate in Arts / Science,Bombay University
#810,Gabe Newell,Drop Out,Harvard University
#810,Jay Paul,,
#810,Richard Peery,Bachelor of Arts / Science,Brigham Young University
#810,Marc Rowan,Bachelor of Arts / Science,"University of Pennsylvania; Master of Business Administration, Wharton School"
#810,David Rubenstein,Bachelor of Arts / Science,"Duke University; Doctor of Jurisprudence, University of Chicago"
#810,Alvaro Saieh Bendeck,,
#810,Shen Guojun,Master of Arts,Zhongnan University of Economics and Law
#810,Gil Shwed,,
#810,Thomas Siebel,Bachelor of Arts / Science,"University of Illinois, Urbana-Champaign; Master of Science, University of Illinois, Urbana-Champaign; Master of Business Administration, University of Illinois, Urbana-Champaign College of Business"
#810,Paul Singer,Doctor of Jurisprudence,"Harvard University; Bachelor of Arts / Science, University of Rochester"
#810,Ted Turner,Bachelor of Arts / Science,Brown University
#810,Mark Walter,Bachelor of Arts / Science,"Creighton University; Doctor of Jurisprudence, Northwestern University"
#810,Xiao Wenge,,
#854,S. Daniel Abraham,Diploma,High School
#854,Emilio Azcarraga Jean,,
#854,John Brown,Bachelor of Science in Engineering,Auburn University
#854,Chen Bang,,
#854,Jaran Chiaravanont,,
#854,James Coulter,Bachelor of Arts / Science,"Dartmouth College; Master of Business Administration, Stanford University"
#854,Oleg Deripaska,Bachelor of Arts / Science,Moscow State University
#854,Francisco Ivens de Sa Dias Branco,High School Graduate,High School
#854,Bergit Douglas,,
#854,Charles Dunstone,,
#854,Feng Hailiang,Master of Business Administration,Zhejiang University
#854,David Filo,Bachelor of Arts / Science,"Tulane University; Master of Science, Stanford University"
#854,Gordon Getty,Bachelor of Arts / Science,San Francisco Conservatory of Music
#854,Ivan Glasenberg,Bachelor of Arts / Science,"University of Witwatersrand; Master of Business Administration, Marshall School of Business"
#854,Alec Gores,Bachelor of Arts / Science,Western Michigan University
#854,Stein Erik Hagen,,
#854,Carlos Hank Rhon,Bachelor of Science in Engineering,Universidad Nacional Autonoma de Mexico
#854,John Henry,,
#854,Stanley Hubbard,Bachelor of Arts / Science,University of Minnesota
#854,Johnelle Hunt,Drop Out,University of Central Arkansas
#854,Ji Changqun,,
#854,Jiang Weiping & family,Bachelor of Science in Engineering,Xihua University
#854,Sumet Jiaravanon,,
#854,Montri Jiaravanont,,
#854,Aerin Lauder Zinterhofer,,
#854,Maritsa Lazari & family,,
#854,Peter Lim,,
#854,Igor Makarov,Bachelor of Arts / Science,Turkmen State University
#854,Joe Mansueto,Bachelor of Arts / Science,"University of Chicago; Master of Business Administration, Booth School of Business"
#854,Hans Georg Naeder,,
#854,Maja Oeri,,
#854,Alfred Oetker,,
#854,August Oetker,,
#854,Carl Ferdinand Oetker,,
#854,Christian Oetker,,
#854,Julia Oetker,,
#854,Richard Oetker,,
#854,Park Hyeon-Joo,Bachelor of Arts / Science,Korea University
#854,Jean (Gigi) Pritzker,Bachelor of Arts / Science,Stanford University
#854,Nicolas Puech,,
#854,Mochtar Riady & family,,
#854,Rosely Schweizer,,
#854,Vivek Chaand Sehgal,Bachelor of Arts / Science,Delhi University
#854,Erik Selin,,
#854,Scott Simplot,,
#854,Dan Snyder,Drop Out,University of Maryland
#854,Alexandre Soares dos Santos & family,,
#854,Evan Spiegel,Bachelor of Arts / Science,Stanford University
#854,Sze Man Bok,,
#854,David Teoh,,
#854,Arne Wilhelmsen & family,Bachelor of Arts / Science,Harvard University
#854,Chip Wilson,Bachelor of Arts / Science,University of Calgary
#906,Juan Abello,,
#906,William Ackman,Bachelor of Arts / Science,"Harvard University; Master of Business Administration, Harvard Business School"
#906,Faisal Bin Qassim Al Thani,,
#906,Emanuella Barilla,,
#906,Guido Barilla,,
#906,Luca Barilla,,
#906,Paolo Barilla,,
#906,Ron Baron,Bachelor of Arts / Science,Bucknell University
#906,Rainer Blickle,,
#906,Cai Kui,Bachelor of Arts / Science,Nanjing University of Aeronautics & Astronautics
#906,Jose and Francisco Jose Calderon Rojas,Law Degree,Universidad Autonoma de Nuevo Leon
#906,Gustavo Cisneros & family,Bachelor of Arts / Science,Babson College
#906,James Dinan,Bachelor of Arts / Science,"University of Pennsylvania Wharton School; Master of Business Administration, Harvard University"
#906,Murali Divi,,
#906,Ennio Doris & family,Diploma,High School
#906,Glenn Dubin,Bachelor of Arts / Science,SUNY Stony Brook
#906,Miguel Fluxa Rossello,,
#906,Gerald Ford,Bachelor of Arts / Science,"Southern Methodist University; Doctor of Jurisprudence, Southern Methodist University"
#906,James France,Bachelor of Arts / Science,Florida Southern College
#906,Bill Gross,Bachelor of Arts / Science,"Duke University; Master of Business Administration, Anderson School of Management"
#906,Huang Wenji & family,,
#906,Hui Lin Chit,,
#906,Erman Ilicak,,
#906,John Kapoor,Bachelor of Arts / Science,"Bombay University; Ph.D, SUNY Buffalo"
#906,Mustafa Rahmi Koc,Bachelor of Arts / Science,Johns Hopkins University
#906,Mustafa Kucuk,,
#906,Timur Kulibaev,Bachelor of Arts / Science,Moscow State University
#906,Dinara Kulibaeva,Doctorate in Pedagogical Sciences,"State Institute of Theatre Arts (GITIS, Moscow)"
#906,Spiro Latsis & family,Doctorate,London School of Economics
#906,Thomas Lee,Bachelor of Arts / Science,Harvard University
#906,Vincent Lo,,
#906,"Henry Nicholas, III.",Bachelor of Arts / Science,"University of California, Los Angeles; Doctorate, University of California, Los Angeles; Master of Science, University of California, Los Angeles"
#906,Akio Nitori,,
#906,Bob Parsons,Bachelor of Arts / Science,University of Baltimore
#906,Robert Pera,Bachelor of Arts / Science,"University of California, San Diego; Master of Science, University of California, San Diego"
#906,Daniel Pritzker,Bachelor of Arts / Science,"Tufts University; Doctor of Jurisprudence, Northwestern University"
#906,Chandru Raheja,LLB,Bombay University
#906,Stewart Rahr,Bachelor of Arts / Science,New York University
#906,Larry Robbins,Bachelor of Arts / Science,University of Pennsylvania Wharton School
#906,Thomas Secunda,Bachelor of Arts / Science,SUNY Binghamton
#906,Yasumitsu Shigeta,Drop Out,Nihon University
#906,Sit Kwong Lam,Doctorate,Nanjing University
#906,Tahir,Master of Business Administration,"Golden Gate University; Bachelor of Arts / Science, Nan Yang University"
#906,Sarik Tara,Bachelor of Arts / Science,Istanbul Technical Unive
#906,Clemens Toennies,,
#906,T.Y. Tsai,,
#906,Peter Unger,,
#906,Sunil Vaswani,B.Com,University of London
#906,Georg von Opel,Bachelor of Arts / Science,University of Rhode Island
#906,David Walentas,,
#906,Wu Guangming & family,EMBA,China Europe International Business School
#906,Yan Zhi,Master of Business Administration,Wuhan University
#906,Yi Zheng,Bachelor of Arts / Science,Zhejiang University
#959,Mohamed Al Fayed,,
#959,Louis Bacon,Bachelor of Arts / Science,"Middlebury College; Master of Business Administration, Columbia Business School"
#959,Othman Benjelloun,Diploma,Ecole Polytechnique de Lausanne
#959,Rossana Camargo de Arruda Botelho,Bachelor of Arts / Economics,Universidade Presbiteriana Mackenzie
#959,Pierre Chen,,
#959,John Coates,,
#959,Scott Cook,Bachelor of Arts / Science,"University of Southern California; Master of Business Administration, Harvard Business School"
#959,Edson de Godoy Bueno,Medical Doctor,Universidade Federal do Rio de Janeiro
#959,Dermot Desmond,,
#959,Du Jiangtao & family,Master of Arts,Beijing Institute of Technology
#959,Aloysio de Andrade Faria,Bachelor of Arts / Science,"University of Minas Gerais; Master of Science, Northwestern University"
#959,Carlo Fidani,,
#959,Rakesh Gangwal,Bachelor of Science in Engineering,"Indian Institute of Technology; Master of Business Administration, Wharton School"
#959,Fiona Geminder,Bachelor of Arts / Science,"Monash University; LLB, Monash University"
#959,Joseph Grendys,,
#959,David Hains,Bachelor of Science in Engineering,University of Melbourne
#959,Huang Qiaoling,,
#959,Manuel Jove,,
#959,Baba Kalyani,Master of Science,Massachusetts Institute of Technology
#959,Saleh Kamel,Master of Business Administration,King Abdulaziz University
#959,Bruce Karsh,Bachelor of Arts / Science,"Duke University; Doctor of Jurisprudence, University of Virginia"
#959,King Pak Fu,,
#959,William Koch,Bachelor of Arts / Science,"Massachusetts Institute of Technology; Doctorate, Massachusetts Institute of Technology"
#959,Stephen Lansdown,,
#959,Lee Boo-Jin,Bachelor of Arts / Science,Yonsei University
#959,Lee Man Tat,,
#959,Liang Xinjun,Bachelor of Arts / Science,"Fudan University; Bachelor of Arts / Science, Fudan University"
#959,Liang Yunchao,Master of Business Administration,"Sun Yat-sen University; Bachelor of Arts / Science, Zhongnan University of Economics and Law"
#959,Howard Marks,Bachelor of Arts / Science,"University of Pennsylvania Wharton School; Master of Business Administration, Booth School of Business"
#959,"Drayton McLane, Jr.",Bachelor of Arts / Science,"Baylor University; Master of Business Administration, Broad College of Business"
#959,Thomas Meyer,,
#959,N.R. Narayana Murthy & family,Master of Science,Indian Institute of Technology
#959,David Nahmad,,
#959,Renata de Camargo Nascimento,Bachelor of Arts / Economics,Universidade Presbiteriana Mackenzie
#959,Madeleine Olsson Ericksson,,
#959,Regina de Camargo Pires Oliveira Dias,,
#959,Murdaya Poo,,
#959,Que Wenbin & family,,
#959,Luigi Rovati & family,,
#959,Seo Jung-Jin,Bachelor of Arts / Science,"Konkuk University; Master of Science, Konkuk University"
#959,Yuri Shefler,Bachelor of Arts / Science,Plekhanov Russian Academy
#959,Shin Chang-Jae,Doctorate,Seoul National University
